-- MySQL dump 10.13  Distrib 5.7.30, for Linux (x86_64)
--
-- Host: localhost    Database: chatbot
-- ------------------------------------------------------
-- Server version	5.7.30-0ubuntu0.18.04.1

/*!40101 SET @OLD_CHARACTER_SET_CLIENT=@@CHARACTER_SET_CLIENT */;
/*!40101 SET @OLD_CHARACTER_SET_RESULTS=@@CHARACTER_SET_RESULTS */;
/*!40101 SET @OLD_COLLATION_CONNECTION=@@COLLATION_CONNECTION */;
/*!40101 SET NAMES utf8 */;
/*!40103 SET @OLD_TIME_ZONE=@@TIME_ZONE */;
/*!40103 SET TIME_ZONE='+00:00' */;
/*!40014 SET @OLD_UNIQUE_CHECKS=@@UNIQUE_CHECKS, UNIQUE_CHECKS=0 */;
/*!40014 SET @OLD_FOREIGN_KEY_CHECKS=@@FOREIGN_KEY_CHECKS, FOREIGN_KEY_CHECKS=0 */;
/*!40101 SET @OLD_SQL_MODE=@@SQL_MODE, SQL_MODE='NO_AUTO_VALUE_ON_ZERO' */;
/*!40111 SET @OLD_SQL_NOTES=@@SQL_NOTES, SQL_NOTES=0 */;

--
-- Table structure for table `account`
--

DROP TABLE IF EXISTS `account`;
/*!40101 SET @saved_cs_client     = @@character_set_client */;
/*!40101 SET character_set_client = utf8 */;
CREATE TABLE `account` (
  `id` int(10) unsigned NOT NULL AUTO_INCREMENT,
  `user_id` int(10) unsigned NOT NULL,
  `account_number` int(11) NOT NULL,
  `balance` decimal(15,2) NOT NULL DEFAULT '0.00',
  PRIMARY KEY (`id`),
  KEY `fk_account_user_idx` (`user_id`),
  CONSTRAINT `fk_account_user` FOREIGN KEY (`user_id`) REFERENCES `user` (`id`) ON DELETE NO ACTION ON UPDATE NO ACTION
) ENGINE=InnoDB AUTO_INCREMENT=6 DEFAULT CHARSET=utf8;
/*!40101 SET character_set_client = @saved_cs_client */;

--
-- Dumping data for table `account`
--

LOCK TABLES `account` WRITE;
/*!40000 ALTER TABLE `account` DISABLE KEYS */;
INSERT INTO `account` VALUES (1,1,1,691.24),(3,4,1,0.00),(4,5,1,0.00),(5,6,1,0.00);
/*!40000 ALTER TABLE `account` ENABLE KEYS */;
UNLOCK TABLES;

--
-- Table structure for table `transaction`
--

DROP TABLE IF EXISTS `transaction`;
/*!40101 SET @saved_cs_client     = @@character_set_client */;
/*!40101 SET character_set_client = utf8 */;
CREATE TABLE `transaction` (
  `id` bigint(19) unsigned NOT NULL AUTO_INCREMENT,
  `account_id` int(10) unsigned NOT NULL,
  `type_id` int(10) unsigned NOT NULL,
  `value` decimal(15,2) NOT NULL DEFAULT '0.00',
  `datetime` datetime NOT NULL,
  PRIMARY KEY (`id`),
  KEY `fk_transaction_account1_idx` (`account_id`),
  KEY `fk_transaction_transaction_type1_idx` (`type_id`),
  CONSTRAINT `fk_transaction_account1` FOREIGN KEY (`account_id`) REFERENCES `account` (`id`) ON DELETE NO ACTION ON UPDATE NO ACTION,
  CONSTRAINT `fk_transaction_transaction_type1` FOREIGN KEY (`type_id`) REFERENCES `transaction_type` (`id`) ON DELETE NO ACTION ON UPDATE NO ACTION
) ENGINE=InnoDB AUTO_INCREMENT=244 DEFAULT CHARSET=utf8;
/*!40101 SET character_set_client = @saved_cs_client */;

--
-- Dumping data for table `transaction`
--

LOCK TABLES `transaction` WRITE;
/*!40000 ALTER TABLE `transaction` DISABLE KEYS */;
INSERT INTO `transaction` VALUES (1,1,1,50.11,'2020-05-08 01:24:51'),(2,1,3,0.00,'2020-05-08 01:26:34'),(3,1,1,100.37,'2020-05-08 01:26:54'),(4,1,3,0.00,'2020-05-08 01:26:55'),(5,1,1,10.88,'2020-05-08 01:30:29'),(6,1,3,0.00,'2020-05-08 13:25:08'),(7,1,3,0.00,'2020-05-08 13:25:47'),(8,1,3,0.00,'2020-05-08 13:30:21'),(9,1,3,0.00,'2020-05-08 13:32:22'),(10,1,3,0.00,'2020-05-08 13:33:57'),(11,1,3,0.00,'2020-05-08 13:41:51'),(12,1,3,0.00,'2020-05-08 13:41:58'),(13,1,3,0.00,'2020-05-08 13:42:10'),(14,1,3,0.00,'2020-05-08 13:42:13'),(15,1,3,0.00,'2020-05-08 13:44:51'),(16,1,3,0.00,'2020-05-08 13:46:32'),(17,1,3,0.00,'2020-05-08 13:48:13'),(18,1,3,0.00,'2020-05-08 13:49:31'),(19,1,3,0.00,'2020-05-08 13:49:42'),(20,1,3,0.00,'2020-05-08 14:09:53'),(21,1,1,100.37,'2020-05-08 14:20:39'),(22,1,1,1.85,'2020-05-08 14:20:59'),(23,1,3,0.00,'2020-05-08 14:22:09'),(24,1,1,1.47,'2020-05-08 14:22:24'),(25,1,3,0.00,'2020-05-08 14:25:44'),(26,1,1,1.00,'2020-05-08 14:27:51'),(27,1,3,0.00,'2020-05-08 14:28:08'),(28,1,1,0.28,'2020-05-08 14:28:20'),(29,1,3,0.00,'2020-05-08 14:28:44'),(30,1,3,0.00,'2020-05-08 14:36:56'),(31,1,1,0.11,'2020-05-08 14:37:44'),(32,1,3,0.00,'2020-05-08 14:37:49'),(33,1,3,0.00,'2020-05-08 14:40:48'),(34,1,3,0.00,'2020-05-08 14:40:54'),(35,1,3,0.00,'2020-05-08 14:40:59'),(36,1,3,0.00,'2020-05-08 14:41:25'),(37,1,1,1000.00,'2020-05-08 14:41:40'),(38,1,3,0.00,'2020-05-08 14:41:46'),(39,1,3,0.00,'2020-05-08 15:05:21'),(40,1,1,100.00,'2020-05-08 15:05:33'),(41,1,3,0.00,'2020-05-08 15:08:23'),(42,1,3,0.00,'2020-05-08 15:18:55'),(43,1,3,0.00,'2020-05-08 15:19:47'),(44,1,3,0.00,'2020-05-08 15:20:14'),(45,1,3,0.00,'2020-05-08 15:21:06'),(46,1,3,0.00,'2020-05-08 15:49:00'),(47,1,3,0.00,'2020-05-08 15:49:44'),(48,1,3,0.00,'2020-05-08 15:50:16'),(49,1,3,0.00,'2020-05-08 15:50:55'),(50,1,3,0.00,'2020-05-08 15:52:20'),(51,1,3,0.00,'2020-05-08 15:52:53'),(52,1,3,0.00,'2020-05-08 16:12:05'),(53,1,3,0.00,'2020-05-08 16:13:15'),(54,1,3,0.00,'2020-05-08 16:13:42'),(55,1,3,0.00,'2020-05-08 16:13:59'),(56,1,3,0.00,'2020-05-08 16:15:14'),(57,1,3,0.00,'2020-05-08 16:15:19'),(58,1,3,0.00,'2020-05-08 16:15:22'),(59,1,3,0.00,'2020-05-08 17:31:55'),(60,1,1,200.00,'2020-05-08 17:32:04'),(61,1,3,0.00,'2020-05-08 17:36:28'),(62,1,3,0.00,'2020-05-08 17:43:38'),(63,1,1,100.37,'2020-05-08 17:43:44'),(64,1,3,0.00,'2020-05-08 17:49:46'),(65,1,3,0.00,'2020-05-08 17:50:31'),(66,1,1,100.37,'2020-05-08 17:50:39'),(67,1,1,100.37,'2020-05-08 18:07:34'),(68,1,1,100.37,'2020-05-08 18:07:58'),(69,1,1,-100.37,'2020-05-08 18:08:09'),(70,1,1,-100.37,'2020-05-08 18:08:21'),(71,1,1,-100.37,'2020-05-08 18:08:22'),(72,1,1,-100.37,'2020-05-08 18:08:24'),(73,1,1,-100.37,'2020-05-08 18:08:41'),(74,1,1,401.48,'2020-05-08 18:15:18'),(75,1,1,401.48,'2020-05-08 18:15:51'),(76,1,1,401.48,'2020-05-08 18:25:43'),(77,1,1,401.48,'2020-05-08 18:31:29'),(78,1,1,401.48,'2020-05-08 18:39:12'),(79,1,1,401.48,'2020-05-08 18:39:52'),(80,1,1,401.48,'2020-05-08 18:41:42'),(81,1,1,401.48,'2020-05-08 18:44:50'),(82,1,1,401.48,'2020-05-08 18:45:15'),(83,1,1,401.48,'2020-05-08 18:45:35'),(84,1,1,578.25,'2020-05-08 18:45:52'),(85,1,1,578.25,'2020-05-08 18:47:04'),(86,1,1,1.00,'2020-05-08 19:07:11'),(87,1,1,1.00,'2020-05-08 19:09:25'),(88,1,1,1.00,'2020-05-08 19:09:27'),(89,1,1,1.00,'2020-05-08 19:09:28'),(90,1,1,1.00,'2020-05-08 19:09:43'),(91,1,1,1.00,'2020-05-08 19:09:53'),(92,1,1,1.00,'2020-05-08 19:13:14'),(93,1,1,1.00,'2020-05-08 19:13:15'),(94,1,1,1.00,'2020-05-08 19:13:16'),(95,1,1,1.00,'2020-05-08 19:13:17'),(96,1,1,1.00,'2020-05-08 19:13:55'),(97,1,1,1.00,'2020-05-08 19:13:56'),(98,1,1,1.00,'2020-05-08 19:14:38'),(99,1,1,1.00,'2020-05-08 19:14:55'),(100,1,1,1.00,'2020-05-08 19:15:16'),(101,1,1,1.00,'2020-05-08 19:15:18'),(102,1,1,1.00,'2020-05-08 19:15:19'),(103,1,1,1.00,'2020-05-08 19:52:08'),(104,1,1,1.00,'2020-05-08 19:52:10'),(105,1,1,1.00,'2020-05-08 19:52:12'),(106,1,1,1.00,'2020-05-08 19:52:13'),(107,1,1,1.00,'2020-05-08 19:53:08'),(108,1,1,1.00,'2020-05-08 19:53:11'),(109,1,1,1.00,'2020-05-08 20:45:19'),(110,1,1,1.00,'2020-05-08 20:45:24'),(111,1,1,1.00,'2020-05-08 20:45:25'),(112,1,1,1.00,'2020-05-08 20:48:35'),(113,1,1,1.00,'2020-05-08 20:48:36'),(114,1,1,1.00,'2020-05-08 20:48:50'),(115,1,1,1.00,'2020-05-08 20:48:52'),(116,1,1,1.00,'2020-05-08 20:48:54'),(117,1,1,1.00,'2020-05-08 20:48:55'),(118,1,1,1.00,'2020-05-08 20:48:56'),(119,1,1,1.00,'2020-05-08 20:48:57'),(120,1,1,1.00,'2020-05-08 20:48:57'),(121,1,1,1.00,'2020-05-08 20:48:58'),(122,1,1,1.00,'2020-05-08 20:48:59'),(123,1,1,1.00,'2020-05-08 20:49:25'),(124,1,1,1.00,'2020-05-08 20:49:26'),(125,1,1,1.00,'2020-05-08 20:49:27'),(126,1,1,1.00,'2020-05-08 20:49:28'),(127,1,1,1.00,'2020-05-08 20:49:29'),(128,1,1,1.00,'2020-05-08 20:49:30'),(129,1,1,1.00,'2020-05-08 20:50:30'),(130,1,1,1.00,'2020-05-08 20:50:31'),(131,1,1,1.00,'2020-05-08 20:50:32'),(132,1,1,1.00,'2020-05-08 20:50:41'),(133,1,1,1.00,'2020-05-08 20:50:42'),(134,1,1,1.00,'2020-05-08 20:50:43'),(135,1,1,1.00,'2020-05-08 20:50:45'),(136,1,1,1.00,'2020-05-08 20:50:46'),(137,1,1,1.00,'2020-05-08 20:50:47'),(138,1,1,1.00,'2020-05-08 20:50:48'),(139,1,1,1.00,'2020-05-08 20:50:49'),(140,1,1,1.00,'2020-05-08 20:50:54'),(141,1,1,1.00,'2020-05-08 20:50:55'),(142,1,1,1.00,'2020-05-08 20:51:52'),(143,1,1,1.00,'2020-05-08 20:51:54'),(144,1,1,1.00,'2020-05-08 20:51:56'),(145,1,1,1.00,'2020-05-08 20:51:57'),(146,1,1,1.00,'2020-05-08 20:53:22'),(147,1,1,1.00,'2020-05-08 20:59:21'),(148,1,1,1.00,'2020-05-08 21:04:30'),(149,1,1,1.00,'2020-05-08 21:05:00'),(150,1,1,1.00,'2020-05-08 21:05:16'),(151,1,1,1.00,'2020-05-08 21:05:18'),(152,1,1,1.00,'2020-05-08 21:05:35'),(153,1,1,1.00,'2020-05-08 21:05:42'),(154,1,1,1.00,'2020-05-08 21:05:43'),(155,1,1,1.00,'2020-05-08 21:05:44'),(156,1,1,1.00,'2020-05-08 21:05:49'),(157,1,1,1.00,'2020-05-08 21:06:10'),(158,1,1,1.00,'2020-05-08 21:07:46'),(159,1,1,1.00,'2020-05-08 21:08:32'),(160,1,1,1.00,'2020-05-08 21:08:42'),(161,1,1,1.00,'2020-05-08 21:12:55'),(162,1,1,1.00,'2020-05-08 21:13:27'),(163,1,1,1.00,'2020-05-09 12:59:15'),(164,1,1,1.00,'2020-05-09 12:59:29'),(165,1,1,1.00,'2020-05-09 13:00:05'),(166,1,1,583.85,'2020-05-09 13:00:40'),(167,1,1,581.70,'2020-05-09 13:00:54'),(168,1,1,581.70,'2020-05-09 13:01:12'),(169,1,1,698.04,'2020-05-09 13:01:27'),(170,1,1,698.04,'2020-05-09 13:01:29'),(171,1,1,814.38,'2020-05-09 13:01:33'),(172,1,1,1163.40,'2020-05-09 13:01:39'),(173,1,1,6980.43,'2020-05-09 13:01:45'),(174,1,1,29.09,'2020-05-09 13:01:53'),(175,1,1,1.00,'2020-05-09 13:08:41'),(176,1,1,1.00,'2020-05-09 13:09:05'),(177,1,1,1.00,'2020-05-09 13:09:15'),(178,1,1,0.00,'2020-05-09 13:22:16'),(179,1,1,0.00,'2020-05-09 13:23:47'),(180,1,1,0.00,'2020-05-09 13:23:52'),(181,1,1,0.00,'2020-05-09 13:23:55'),(182,1,1,0.00,'2020-05-09 13:23:56'),(183,1,1,0.00,'2020-05-09 13:24:02'),(184,1,1,0.00,'2020-05-09 13:26:05'),(185,1,1,0.00,'2020-05-09 13:26:06'),(186,1,1,0.00,'2020-05-09 13:26:07'),(187,1,1,0.00,'2020-05-09 13:26:19'),(188,1,1,0.00,'2020-05-09 13:28:12'),(189,1,1,0.00,'2020-05-09 13:28:48'),(190,1,1,0.00,'2020-05-09 13:29:29'),(191,1,1,0.00,'2020-05-09 13:29:36'),(192,1,1,0.00,'2020-05-09 13:30:05'),(193,1,1,0.00,'2020-05-09 13:36:34'),(194,1,1,0.00,'2020-05-09 13:36:37'),(195,1,1,0.00,'2020-05-09 13:38:44'),(196,1,1,29.09,'2020-05-09 13:39:11'),(197,1,1,29.09,'2020-05-09 13:39:39'),(198,1,1,29.09,'2020-05-09 13:39:54'),(199,1,3,0.00,'2020-05-09 17:07:29'),(200,1,3,0.00,'2020-05-09 17:08:17'),(201,1,3,0.00,'2020-05-09 17:09:30'),(202,1,1,10.88,'2020-05-09 17:11:48'),(203,1,1,10.88,'2020-05-09 17:11:52'),(204,1,1,29.09,'2020-05-09 18:15:09'),(205,1,1,34.79,'2020-05-09 18:15:20'),(206,1,1,63.29,'2020-05-09 18:21:30'),(207,1,1,63.29,'2020-05-09 18:22:01'),(208,1,1,63.29,'2020-05-09 18:22:09'),(209,1,3,0.00,'2020-05-09 18:22:29'),(210,1,3,0.00,'2020-05-09 18:22:40'),(211,1,3,0.00,'2020-05-09 18:22:50'),(212,1,3,0.00,'2020-05-09 18:22:52'),(213,1,1,5822.14,'2020-05-09 18:23:01'),(214,1,1,5822.14,'2020-05-09 18:23:02'),(215,1,1,5822.14,'2020-05-09 18:23:04'),(216,1,3,0.00,'2020-05-09 18:23:08'),(217,1,1,1000.88,'2020-05-09 18:23:16'),(218,1,3,0.00,'2020-05-09 18:23:19'),(219,1,3,0.00,'2020-05-09 18:25:37'),(220,1,1,63.93,'2020-05-09 18:25:53'),(221,1,1,10.94,'2020-05-09 18:26:40'),(222,1,3,0.00,'2020-05-09 18:27:04'),(223,1,3,0.00,'2020-05-09 18:30:42'),(224,1,1,34.79,'2020-05-09 18:30:48'),(225,1,1,17.45,'2020-05-09 18:31:07'),(226,1,1,586.76,'2020-05-09 18:31:18'),(227,1,3,0.00,'2020-05-09 18:31:25'),(228,1,1,119.21,'2020-05-09 18:31:52'),(229,1,3,0.00,'2020-05-09 18:31:58'),(230,1,3,0.00,'2020-05-09 18:45:08'),(231,1,3,0.00,'2020-05-10 00:46:18'),(232,1,1,63.35,'2020-05-10 00:46:39'),(233,1,3,0.00,'2020-05-10 00:46:46'),(234,1,3,0.00,'2020-05-10 00:58:35'),(235,1,3,0.00,'2020-05-10 01:08:09'),(236,1,3,0.00,'2020-05-10 01:09:53'),(237,1,3,0.00,'2020-05-10 01:10:11'),(238,1,3,0.00,'2020-05-10 01:10:45'),(239,1,3,0.00,'2020-05-10 01:10:55'),(240,1,3,0.00,'2020-05-10 01:11:02'),(241,1,3,0.00,'2020-05-10 01:13:11'),(242,1,3,0.00,'2020-05-10 01:13:19'),(243,1,3,0.00,'2020-05-10 01:26:49');
/*!40000 ALTER TABLE `transaction` ENABLE KEYS */;
UNLOCK TABLES;

--
-- Table structure for table `transaction_type`
--

DROP TABLE IF EXISTS `transaction_type`;
/*!40101 SET @saved_cs_client     = @@character_set_client */;
/*!40101 SET character_set_client = utf8 */;
CREATE TABLE `transaction_type` (
  `id` int(10) unsigned NOT NULL AUTO_INCREMENT,
  `code` char(10) NOT NULL,
  `name` varchar(30) NOT NULL,
  PRIMARY KEY (`id`)
) ENGINE=InnoDB AUTO_INCREMENT=4 DEFAULT CHARSET=utf8;
/*!40101 SET character_set_client = @saved_cs_client */;

--
-- Dumping data for table `transaction_type`
--

LOCK TABLES `transaction_type` WRITE;
/*!40000 ALTER TABLE `transaction_type` DISABLE KEYS */;
INSERT INTO `transaction_type` VALUES (1,'deposit','Deposit'),(2,'withdraw','Withdraw'),(3,'balance','Balance');
/*!40000 ALTER TABLE `transaction_type` ENABLE KEYS */;
UNLOCK TABLES;

--
-- Table structure for table `user`
--

DROP TABLE IF EXISTS `user`;
/*!40101 SET @saved_cs_client     = @@character_set_client */;
/*!40101 SET character_set_client = utf8 */;
CREATE TABLE `user` (
  `id` int(10) unsigned NOT NULL AUTO_INCREMENT,
  `firstname` varchar(255) NOT NULL,
  `lastname` varchar(255) NOT NULL,
  `currency` char(3) NOT NULL,
  `username` varchar(500) NOT NULL,
  `password` char(32) NOT NULL,
  `token` varchar(255) DEFAULT NULL,
  `loginExpires` datetime DEFAULT NULL,
  `isActive` tinyint(3) unsigned NOT NULL DEFAULT '1',
  PRIMARY KEY (`id`),
  UNIQUE KEY `email_UNIQUE` (`username`)
) ENGINE=InnoDB AUTO_INCREMENT=7 DEFAULT CHARSET=utf8;
/*!40101 SET character_set_client = @saved_cs_client */;

--
-- Dumping data for table `user`
--

LOCK TABLES `user` WRITE;
/*!40000 ALTER TABLE `user` DISABLE KEYS */;
INSERT INTO `user` VALUES (1,'Diogo','Pina','BRL','diogo','e10adc3949ba59abbe56e057f20f883e','778a7c34eaf78d23b7b941957497aecf','2020-05-11 15:54:43',1),(4,'Joe','Due','EUR','joao','e10adc3949ba59abbe56e057f20f883e',NULL,NULL,1),(5,'John','Lenin','USD','lenon','e10adc3949ba59abbe56e057f20f883e',NULL,NULL,1),(6,'Luana','Lima','BRL','luana','cf43187145cc4adf3749469f9258ba5a','9af9324f5fc6dd5f3aae3b6ad6771582','2020-05-09 22:23:44',1);
/*!40000 ALTER TABLE `user` ENABLE KEYS */;
UNLOCK TABLES;
/*!40103 SET TIME_ZONE=@OLD_TIME_ZONE */;

/*!40101 SET SQL_MODE=@OLD_SQL_MODE */;
/*!40014 SET FOREIGN_KEY_CHECKS=@OLD_FOREIGN_KEY_CHECKS */;
/*!40014 SET UNIQUE_CHECKS=@OLD_UNIQUE_CHECKS */;
/*!40101 SET CHARACTER_SET_CLIENT=@OLD_CHARACTER_SET_CLIENT */;
/*!40101 SET CHARACTER_SET_RESULTS=@OLD_CHARACTER_SET_RESULTS */;
/*!40101 SET COLLATION_CONNECTION=@OLD_COLLATION_CONNECTION */;
/*!40111 SET SQL_NOTES=@OLD_SQL_NOTES */;

-- Dump completed on 2020-05-11 13:04:12
